site_id|config_id|run_id|stat_id|stat_name|num_undo_blocks|num_trans|max_qry_lens|max_tx_concurcy|min_tr|max_tr|snap_too_old_cnt|out_of_space_cnt|unexpired_stolen|unexpired_rel|unexpired_reused|expired_stolen|expired_rel|expired_reused|start_time
37|1|2|266626|undo segment|6984.9|19501857|7803|138|181|181|0|0|0|0|0|0|0|0|06-OCT-14 08.00.00.000000 AM
37|1|1|266626|undo segment|5143.38|15201647|1929|78|181|181|0|0|0|0|0|0|0|0|03-OCT-14 08.00.00.000000 AM
37|1|6|266626|undo segment|5879.87|17091215|1906|64|181|181|0|0|0|0|0|0|0|0|10-OCT-14 08.00.00.000000 AM
37|1|3|266626|undo segment|6474.63|18045519|1919|76|181|181|0|0|0|0|0|0|0|0|07-OCT-14 08.00.00.000000 AM
37|1|5|266626|undo segment|6608.23|18311825|1911|78|181|181|0|0|0|0|0|0|0|0|09-OCT-14 08.00.00.000000 AM
37|1|4|266626|undo segment|7424.55|18605948|2894|66|181|181|0|0|0|0|0|0|0|0|08-OCT-14 08.00.00.000000 AM
37|1|7|266626|undo segment|7435.33|19144688|2378|91|181|181|0|0|0|0|0|0|0|0|13-OCT-14 08.00.00.000000 AM
37|1|11|266626|undo segment|6430.62|17333483|1927|71|181|181|0|0|0|0|0|0|0|0|17-OCT-14 08.00.00.000000 AM
37|1|12|266626|undo segment|7508.03|19990602|1922|41|181|181|0|0|0|0|0|0|0|0|20-OCT-14 08.00.00.000000 AM
37|1|9|266626|undo segment|7183.87|19392246|1942|107|181|181|0|0|0|0|0|0|0|0|15-OCT-14 08.00.00.000000 AM
37|1|8|266626|undo segment|6605.28|18538063|1901|72|181|181|0|0|0|0|0|0|0|0|14-OCT-14 08.00.00.000000 AM
37|1|10|266626|undo segment|6716.27|18090383|1873|83|181|181|0|0|0|0|0|0|0|0|16-OCT-14 08.00.00.000000 AM
37|1|17|266626|undo segment|7464.51|18845255|1921|52|181|181|0|0|0|0|0|0|0|0|27-OCT-14 08.00.00.000000 AM
37|1|16|266626|undo segment|5882.56|16260008|1892|37|181|181|0|0|0|0|0|0|0|0|24-OCT-14 08.00.00.000000 AM
37|1|13|266626|undo segment|7302.53|19384358|1961|51|181|181|0|0|0|0|0|0|0|0|21-OCT-14 08.00.00.000000 AM
37|1|14|266626|undo segment|6344.95|18843278|3032|50|181|181|0|0|0|0|0|0|0|0|22-OCT-14 08.00.00.000000 AM
37|1|15|266626|undo segment|6287.03|17421176|1875|44|181|181|0|0|0|0|0|0|0|0|23-OCT-14 08.00.00.000000 AM
37|1|21|266626|undo segment|6273.29|17061593|1928|57|181|181|0|0|0|0|0|0|0|0|31-OCT-14 08.00.00.000000 AM
37|1|19|266626|undo segment|6910.86|19911151|1767|46|181|181|0|0|0|0|0|0|0|0|29-OCT-14 08.00.00.000000 AM
37|1|18|266626|undo segment|6761.85|18773464|1938|44|181|181|0|0|0|0|0|0|0|0|28-OCT-14 08.00.00.000000 AM
37|1|20|266626|undo segment|6910.99|18083992|2199|53|181|181|0|0|0|0|0|0|0|0|30-OCT-14 08.00.00.000000 AM
37|1|22|266626|undo segment|7103.98|19488414|1935|74|181|181|0|0|0|0|0|0|0|0|03-NOV-14 08.00.00.000000 AM
37|1|24|266626|undo segment|7019.49|19757751|2635|97|181|181|0|0|0|0|0|0|0|0|05-NOV-14 08.00.00.000000 AM
37|1|25|266626|undo segment|7750.9|19905873|2177|40|181|181|0|0|0|0|0|0|0|0|06-NOV-14 08.00.00.000000 AM
37|1|23|266626|undo segment|6872.85|18878891|1947|95|181|181|0|0|0|0|0|0|0|0|04-NOV-14 08.00.00.000000 AM
37|1|26|266626|undo segment|7464.86|19230239|1923|45|181|181|0|0|0|0|0|0|0|0|10-NOV-14 08.00.00.000000 AM
37|1|27|266626|undo segment|7733.14|18971389|1926|38|181|181|0|0|0|0|0|0|0|0|11-NOV-14 08.00.00.000000 AM
37|1|28|266626|undo segment|8501.82|19188643|1855|45|181|181|0|0|0|0|0|0|0|0|12-NOV-14 08.00.00.000000 AM
37|1|29|266626|undo segment|6560.83|18062604|1927|78|181|181|0|0|0|0|0|0|0|0|13-NOV-14 08.00.00.000000 AM
37|1|30|266626|undo segment|6334.74|17691823|1952|33|181|181|0|0|0|0|0|0|0|0|14-NOV-14 08.00.00.000000 AM
37|1|31|266626|undo segment|7297.36|18974315|2191|54|181|181|0|0|0|0|0|0|0|0|17-NOV-14 08.00.00.000000 AM
37|1|35|266626|undo segment|6244.37|17328414|2409|69|181|181|0|0|0|0|0|0|0|0|21-NOV-14 08.00.00.000000 AM
37|1|36|266626|undo segment|7161.86|18452555|2029|46|181|181|0|0|0|0|0|0|0|0|24-NOV-14 08.00.00.000000 AM
37|1|32|266626|undo segment|6827.29|18992433|2007|38|181|181|0|0|0|0|0|0|0|0|18-NOV-14 08.00.00.000000 AM
37|1|33|266626|undo segment|7116.2|19693491|1903|64|181|181|0|0|0|0|0|0|0|0|19-NOV-14 08.00.00.000000 AM
37|1|34|266626|undo segment|6622.25|18267841|1931|84|181|181|0|0|0|0|0|0|0|0|20-NOV-14 08.00.00.000000 AM
37|1|37|266626|undo segment|6763.92|18676975|1940|50|181|181|0|0|0|0|0|0|0|0|25-NOV-14 08.00.00.000000 AM
37|1|38|266626|undo segment|6251.52|17883525|2746|48|181|181|0|0|0|0|0|0|0|0|26-NOV-14 08.00.00.000000 AM
37|1|39|266626|undo segment|3333.79|12236693|1942|18|181|181|0|0|0|0|0|0|0|0|27-NOV-14 08.00.00.000000 AM
37|1|43|266626|undo segment|5885.78|16597614|1913|95|181|181|0|0|0|0|0|0|0|0|05-DEC-14 08.00.00.000000 AM
37|1|44|266626|undo segment|6928.88|18109460|2101|51|181|181|0|0|0|0|0|0|0|0|08-DEC-14 08.00.00.000000 AM
37|1|41|266626|undo segment|6557.45|18338353|1946|89|181|181|0|0|0|0|0|0|0|0|03-DEC-14 08.00.00.000000 AM
37|1|42|266626|undo segment|6461.44|17904333|2262|44|181|181|0|0|0|0|0|0|0|0|04-DEC-14 08.00.00.000000 AM
37|1|40|266626|undo segment|6777.88|18192747|1964|80|181|181|0|0|0|0|0|0|0|0|02-DEC-14 08.00.00.000000 AM
37|1|47|266626|undo segment|5989.23|16316699|2788|76|181|181|0|0|0|0|0|0|0|0|12-DEC-14 08.00.00.000000 AM
37|1|45|266626|undo segment|6571.36|17767708|1769|41|181|181|0|0|0|0|0|0|0|0|09-DEC-14 08.00.00.000000 AM
37|1|48|266626|undo segment|6955.13|18696591|3189|44|181|181|0|0|0|0|0|0|0|0|15-DEC-14 08.00.00.000000 AM
37|1|46|266626|undo segment|6624.12|17569456|1938|57|181|181|0|0|0|0|0|0|0|0|11-DEC-14 08.00.00.000000 AM
37|1|53|266626|undo segment|5994.94|17306082|1906|40|181|181|0|0|0|0|0|0|0|0|22-DEC-14 08.00.00.000000 AM
37|1|49|266626|undo segment|6505.05|18714833|2043|61|181|181|0|0|0|0|0|0|0|0|16-DEC-14 08.00.00.000000 AM
37|1|50|266626|undo segment|6320.57|18523996|2987|54|181|181|0|0|0|0|0|0|0|0|17-DEC-14 08.00.00.000000 AM
37|1|51|266626|undo segment|6165.51|17391780|5919|37|181|181|0|0|0|0|0|0|0|0|18-DEC-14 08.00.00.000000 AM
37|1|52|266626|undo segment|5822.74|16992097|1869|74|181|181|0|0|0|0|0|0|0|0|19-DEC-14 08.00.00.000000 AM
37|1|55|266626|undo segment|3554.2|12663986|2210|17|181|181|0|0|0|0|0|0|0|0|24-DEC-14 08.00.00.000000 AM
37|1|57|266626|undo segment|5363.4|15118035|1948|24|181|181|0|0|0|0|0|0|0|0|29-DEC-14 08.00.00.000000 AM
37|1|56|266626|undo segment|2826.84|10475486|1905|17|181|181|0|0|0|0|0|0|0|0|26-DEC-14 08.00.00.000000 AM
37|1|54|266626|undo segment|4995.01|15009551|1915|27|181|181|0|0|0|0|0|0|0|0|23-DEC-14 08.00.00.000000 AM
37|1|58|266626|undo segment|4376.05|14003731|1917|69|181|181|0|0|0|0|0|0|0|0|30-DEC-14 08.00.00.000000 AM
37|1|59|266626|undo segment|3929.59|21185271|1935|233|181|181|0|0|0|0|0|0|0|0|31-DEC-14 08.00.00.000000 AM
37|1|60|266626|undo segment|1704.23|8137185|1948|14|181|181|0|0|0|0|0|0|0|0|01-JAN-15 08.00.00.000000 AM
37|1|61|266626|undo segment|3569.15|11817998|2877|23|181|181|0|0|0|0|0|0|0|0|02-JAN-15 08.00.00.000000 AM
37|1|62|266626|undo segment|7633.48|19004824|2259|34|181|181|0|0|0|0|0|0|0|0|05-JAN-15 08.00.00.000000 AM
37|1|67|266626|undo segment|8897.73|18850199|2695|39|181|181|0|0|0|0|0|0|0|0|12-JAN-15 08.00.00.000000 AM
37|1|64|266626|undo segment|6323.93|18112351|1881|36|181|181|0|0|0|0|0|0|0|0|07-JAN-15 08.00.00.000000 AM
37|1|65|266626|undo segment|6385.2|19150191|1926|39|181|181|0|0|0|0|0|0|0|0|08-JAN-15 08.00.00.000000 AM
37|1|66|266626|undo segment|7230.44|17350341|2597|41|181|181|0|0|0|0|0|0|0|0|09-JAN-15 08.00.00.000000 AM
37|1|63|266626|undo segment|6116.44|17807322|1933|63|181|181|0|0|0|0|0|0|0|0|06-JAN-15 08.00.00.000000 AM
37|1|71|266626|undo segment|3861.97|13482459|26024|111|181|181|0|0|0|0|0|0|0|0|19-JAN-15 08.00.00.000000 AM
37|1|68|266626|undo segment|8978.81|19243872|2071|49|181|181|0|0|0|0|0|0|0|0|13-JAN-15 08.00.00.000000 AM
37|1|69|266626|undo segment|8676.37|19149930|2526|84|181|181|0|0|0|0|0|0|0|0|14-JAN-15 08.00.00.000000 AM
37|1|70|266626|undo segment|6149.29|17813484|1950|45|181|181|0|0|0|0|0|0|0|0|15-JAN-15 08.00.00.000000 AM
37|1|77|266626|undo segment|6854.65|17792635|2445|54|181|181|0|0|0|0|0|0|0|0|26-JAN-15 08.00.00.000000 AM
37|1|75|266626|undo segment|4970.37|14205818|1918|219|181|181|0|0|0|0|0|0|0|0|22-JAN-15 08.00.00.000000 AM
37|1|76|266626|undo segment|5573.25|15849458|3531|189|181|181|0|0|0|0|0|0|0|0|23-JAN-15 08.00.00.000000 AM
37|1|72|266626|undo segment|6150.12|16656758|2221|234|181|181|0|0|0|0|0|0|0|0|20-JAN-15 08.00.00.000000 AM
37|1|73|266626|undo segment|3845.03|13922833|1925|54|181|181|0|0|0|0|0|0|0|0|20-JAN-15 10.00.00.000000 PM
37|1|74|266626|undo segment|5799.49|15517021|2338|112|181|181|0|0|0|0|0|0|0|0|21-JAN-15 10.00.00.000000 PM
37|1|79|266626|undo segment|6668.41|18246212|2042|56|181|181|0|0|0|0|0|0|0|0|27-JAN-15 08.00.00.000000 AM
37|1|80|266626|undo segment|4573.68|14251250|3084|48|181|181|0|0|0|0|0|0|0|0|28-JAN-15 01.00.00.000000 AM
37|1|81|266626|undo segment|6578.18|17955680|1893|124|181|181|0|0|0|0|0|0|0|0|28-JAN-15 08.00.00.000000 AM
37|1|82|266626|undo segment|4308.45|14119581|1950|67|181|181|0|0|0|0|0|0|0|0|29-JAN-15 01.00.00.000000 AM
37|1|83|266626|undo segment|6687.43|17867533|2638|69|181|181|0|0|0|0|0|0|0|0|29-JAN-15 08.00.00.000000 AM
37|1|84|266626|undo segment|5254.55|14427320|3023|39|181|181|0|0|0|0|0|0|0|0|30-JAN-15 01.00.00.000000 AM
37|1|85|266626|undo segment|5996.09|16768672|2620|109|181|181|0|0|0|0|0|0|0|0|30-JAN-15 08.00.00.000000 AM
37|1|86|266626|undo segment|4331.02|9573929|2295|20|181|181|0|0|0|0|0|0|0|0|31-JAN-15 01.00.00.000000 AM
37|1|87|266626|undo segment|5061.24|15943510|2068|29|181|181|0|0|0|0|0|0|0|0|02-FEB-15 01.00.00.000000 AM
37|1|88|266626|undo segment|7047.51|18509960|2119|39|181|181|0|0|0|0|0|0|0|0|02-FEB-15 08.00.00.000000 AM
37|1|89|266626|undo segment|4510.16|13469804|2363|33|181|181|0|0|0|0|0|0|0|0|02-FEB-15 10.00.00.000000 PM
37|1|78|266626|undo segment|4739.07|14518079|2415|29|181|181|0|0|0|0|0|0|0|0|27-JAN-15 01.00.00.000000 AM
37|1|90|266626|undo segment|4891.87|13264370|5241|102|181|181|0|0|0|0|0|0|0|0|03-FEB-15 10.00.00.000000 PM
37|1|91|266626|undo segment|7296.73|19305445|2442|104|181|181|0|0|0|0|0|0|0|0|04-FEB-15 08.00.00.000000 AM
37|1|92|266626|undo segment|4525.9|14740839|10976|103|181|181|1|0|0|0|0|0|0|0|05-FEB-15 01.00.00.000000 AM
37|1|93|266626|undo segment|6417.85|20022684|1923|79|181|181|0|0|0|0|0|0|0|0|06-FEB-15 08.00.00.000000 AM
37|1|94|266626|undo segment|7359.41|18990308|2075|40|181|181|0|0|0|0|0|0|0|0|09-FEB-15 08.00.00.000000 AM
37|1|105|266626|undo segment|6644.67|17903690|3298|42|181|181|0|0|0|0|0|0|0|0|16-FEB-15 08.00.00.000000 AM
37|1|95|266626|undo segment|6837.55|19118932|1975|69|181|181|0|0|0|0|0|0|0|0|10-FEB-15 08.00.00.000000 AM
37|1|97|266626|undo segment|6902.46|19671753|2686|94|181|181|0|0|0|0|0|0|0|0|11-FEB-15 08.00.00.000000 AM
37|1|96|266626|undo segment|6367.23|12897443|2116|35|181|181|0|0|0|0|0|0|0|0|11-FEB-15 10.00.00.000000 PM
37|1|98|266626|undo segment|4660.15|14573417|8060|51|181|181|0|0|0|0|0|0|0|0|12-FEB-15 01.00.00.000000 AM
37|1|100|266626|undo segment|7104.26|18794362|10935|59|181|181|0|0|0|0|0|0|0|0|12-FEB-15 08.00.00.000000 AM
37|1|99|266626|undo segment|6024.08|12908702|2653|31|181|181|0|0|0|0|0|0|0|0|12-FEB-15 10.00.00.000000 PM
37|1|101|266626|undo segment|7116.11|17518693|2677|47|181|181|0|0|0|0|0|0|0|0|13-FEB-15 08.00.00.000000 AM
37|1|102|266626|undo segment|4539.3|12541254|11392|21|181|181|1|0|0|0|0|0|0|0|15-FEB-15 10.00.00.000000 PM
37|1|103|266626|undo segment|4762.98|15227620|11260|28|181|181|1|0|0|0|0|0|0|0|16-FEB-15 01.00.00.000000 AM
37|1|104|266626|undo segment|4406.95|12347887|2298|47|181|181|0|0|0|0|0|0|0|0|16-FEB-15 10.00.00.000000 PM
37|1|106|266626|undo segment|4229.55|14012152|9542|25|181|181|0|0|0|0|0|0|0|0|17-FEB-15 01.00.00.000000 AM
37|1|108|266626|undo segment|6545.13|18051832|2848|42|181|181|0|0|0|0|0|0|0|0|17-FEB-15 08.00.00.000000 AM
37|1|107|266626|undo segment|4339.08|12366505|2121|22|181|181|0|0|0|0|0|0|0|0|17-FEB-15 10.00.00.000000 PM
37|1|110|266626|undo segment|6504.94|19009138|3358|36|181|181|0|0|0|0|0|0|0|0|18-FEB-15 08.00.00.000000 AM
37|1|112|266626|undo segment|6332.16|17773054|2570|36|181|181|0|0|0|0|0|0|0|0|19-FEB-15 08.00.00.000000 AM
37|1|111|266626|undo segment|5245.1|12472888|2354|25|181|181|0|0|0|0|0|0|0|0|19-FEB-15 10.00.00.000000 PM
37|1|114|266626|undo segment|6123.41|17274255|2248|38|181|181|0|0|0|0|0|0|0|0|20-FEB-15 08.00.00.000000 AM
37|1|115|266626|undo segment|4814.97|12593756|9865|36|181|181|0|0|0|0|0|0|0|0|22-FEB-15 10.00.00.000000 PM
37|1|117|266626|undo segment|7194.47|18999417|2433|112|181|181|0|0|0|0|0|0|0|0|23-FEB-15 08.00.00.000000 AM
37|1|116|266626|undo segment|4469.54|12734762|2224|30|181|181|0|0|0|0|0|0|0|0|23-FEB-15 10.00.00.000000 PM
37|1|109|266626|undo segment|5752.45|12833734|12936|60|181|181|0|0|0|0|0|0|0|0|18-FEB-15 10.00.00.000000 PM
37|1|113|266626|undo segment|4980.72|9502691|20588|23|181|181|0|0|0|0|0|0|0|0|20-FEB-15 10.00.00.000000 PM
37|1|119|266626|undo segment|7654.93|20096361|2070|37|181|181|0|0|0|0|0|0|0|0|24-FEB-15 08.00.00.000000 AM
37|1|118|266626|undo segment|6365.18|16597796|2176|38|181|181|0|0|0|0|0|0|0|0|24-FEB-15 10.00.00.000000 PM
37|1|121|266626|undo segment|6852.88|19509556|2519|42|181|181|0|0|0|0|0|0|0|0|25-FEB-15 08.00.00.000000 AM
37|1|120|266626|undo segment|5507.27|12618169|2344|36|181|181|0|0|0|0|0|0|0|0|25-FEB-15 10.00.00.000000 PM
37|1|123|266626|undo segment|6754.78|18066755|1994|39|181|181|0|0|0|0|0|0|0|0|26-FEB-15 08.00.00.000000 AM
37|1|125|266626|undo segment|6092.42|17301631|4516|37|181|181|0|0|0|0|0|0|0|0|27-FEB-15 08.00.00.000000 AM
37|1|124|266626|undo segment|5109.73|9963710|2745|33|181|181|0|0|0|0|0|0|0|0|27-FEB-15 10.00.00.000000 PM
37|1|126|266626|undo segment|4934.49|12663738|12803|31|181|181|1|0|0|0|0|0|0|0|01-MAR-15 10.00.00.000000 PM
37|1|127|266626|undo segment|4898.12|14393674|4972|29|181|181|0|0|0|0|0|0|0|0|02-MAR-15 01.00.00.000000 AM
37|1|128|266626|undo segment|7105.68|13307454|2391|27|181|181|0|0|0|0|0|0|0|0|02-MAR-15 10.00.00.000000 PM
37|1|122|266626|undo segment|6713.28|13045383|2252|28|181|181|0|0|0|0|0|0|0|0|26-FEB-15 10.00.00.000000 PM
37|1|134|266626|undo segment|6725.19|18510853|12663|34|181|181|1|0|0|0|0|0|0|0|05-MAR-15 08.00.00.000000 AM
37|1|137|266626|undo segment|4457.73|12076766|37237|25|181|181|1|0|0|0|0|0|0|0|08-MAR-15 10.00.00.000000 PM
37|1|129|266626|undo segment|4682.1|13064914|2346|24|181|181|0|0|0|0|0|0|0|0|03-MAR-15 10.00.00.000000 PM
37|1|132|266626|undo segment|7503.4|18285309|2834|39|181|181|0|0|0|0|0|0|0|0|04-MAR-15 08.00.00.000000 AM
37|1|131|266626|undo segment|5459.88|12907603|2480|35|181|181|0|0|0|0|0|0|0|0|04-MAR-15 10.00.00.000000 PM
37|1|133|266626|undo segment|5207.47|12466992|2492|29|181|181|0|0|0|0|0|0|0|0|05-MAR-15 10.00.00.000000 PM
37|1|136|266626|undo segment|5849.32|16406693|3059|48|181|181|0|0|0|0|0|0|0|0|06-MAR-15 08.00.00.000000 AM
37|1|135|266626|undo segment|4558.16|8677321|2384|40|181|181|0|0|0|0|0|0|0|0|06-MAR-15 10.00.00.000000 PM
37|1|138|266626|undo segment|5594.3|12887810|54025|36|181|181|0|0|0|0|0|0|0|0|09-MAR-15 10.00.00.000000 PM
37|1|130|266626|undo segment|6974.6|18160850|2187|39|181|181|0|0|0|0|0|0|0|0|03-MAR-15 08.00.00.000000 AM
37|1|139|266626|undo segment|5327.2|13235003|62179|24|181|181|0|0|0|0|0|0|0|0|10-MAR-15 10.00.00.000000 PM
37|1|141|266626|undo segment|7307.5|12643479|69429|36|181|181|0|0|0|0|0|0|0|0|11-MAR-15 10.00.00.000000 PM
37|1|142|266626|undo segment|6969.18|18592503|28126|49|181|181|0|0|0|0|0|0|0|0|12-MAR-15 08.00.00.000000 AM
37|1|143|266626|undo segment|6904.97|12549041|79560|31|181|181|0|0|0|0|0|0|0|0|12-MAR-15 10.00.00.000000 PM
37|1|145|266626|undo segment|6880.79|17195459|113137|36|181|181|0|0|0|0|0|0|0|0|13-MAR-15 08.00.00.000000 AM
37|1|144|266626|undo segment|4628.93|8865814|2696|38|181|181|0|0|0|0|0|0|0|0|13-MAR-15 10.00.00.000000 PM
37|1|146|266626|undo segment|4345.06|11874834|11097|25|181|181|1|0|0|0|0|0|0|0|15-MAR-15 10.00.00.000000 PM
37|1|148|266626|undo segment|7804.28|18917771|2226|60|181|181|0|0|0|0|0|0|0|0|16-MAR-15 08.00.00.000000 AM
37|1|147|266626|undo segment|4498.37|12604721|2013|30|181|181|0|0|0|0|0|0|0|0|16-MAR-15 10.00.00.000000 PM
37|1|140|266626|undo segment|7126.6|19587743|6824|49|181|181|0|0|0|0|0|0|0|0|10-MAR-15 08.00.00.000000 AM
37|1|153|266626|undo segment|6673.36|15561049|2951|42|181|181|0|0|0|0|0|0|0|0|18-MAR-15 10.00.00.000000 PM
37|1|149|266626|undo segment|4609.35|14348053|9264|32|181|181|0|0|0|0|0|0|0|0|17-MAR-15 01.00.00.000000 AM
37|1|150|266626|undo segment|4831.64|12527975|27551|31|181|181|0|0|0|0|0|0|0|0|17-MAR-15 10.00.00.000000 PM
37|1|152|266626|undo segment|7369.81|20053387|63540|54|181|181|0|0|0|0|0|0|0|0|18-MAR-15 08.00.00.000000 AM
37|1|154|266626|undo segment|8246.32|18925061|1925|45|181|181|0|0|0|0|0|0|0|0|19-MAR-15 08.00.00.000000 AM
37|1|155|266626|undo segment|5514.38|12069385|2793|35|181|181|0|0|0|0|0|0|0|0|19-MAR-15 10.00.00.000000 PM
37|1|156|266626|undo segment|5945.99|17286899|2510|68|181|181|0|0|0|0|0|0|0|0|20-MAR-15 08.00.00.000000 AM
37|1|157|266626|undo segment|4548.27|8774380|3072|34|181|181|0|0|0|0|0|0|0|0|20-MAR-15 10.00.00.000000 PM
37|1|158|266626|undo segment|4786.16|12711444|11362|25|181|181|1|0|0|0|0|0|0|0|22-MAR-15 10.00.00.000000 PM
37|1|159|266626|undo segment|8019.49|19897707|3462|71|181|181|0|0|0|0|0|0|0|0|23-MAR-15 08.00.00.000000 AM
37|1|160|266626|undo segment|4827.88|12884693|2062|46|181|181|0|0|0|0|0|0|0|0|23-MAR-15 10.00.00.000000 PM
37|1|151|266626|undo segment|7506.69|19112069|2620|50|181|181|0|0|0|0|0|0|0|0|17-MAR-15 08.00.00.000000 AM
37|1|163|266626|undo segment|6744.89|18704909|2514|32|181|181|0|0|0|0|0|0|0|0|25-MAR-15 08.00.00.000000 AM
37|1|166|266626|undo segment|1644.78|5000647|2167|42|181|181|0|0|0|0|0|0|0|0|27-MAR-15 10.00.00.000000 PM
37|1|167|266626|undo segment|6147.13|14590983|1954|62|181|181|0|0|0|0|0|0|0|0|29-MAR-15 10.00.00.000000 PM
37|1|168|266626|undo segment|4992.7|14943274|1948|39|181|181|0|0|0|0|0|0|0|0|30-MAR-15 01.00.00.000000 AM
37|1|165|266626|undo segment|5616.26|12168479|2191|36|181|181|0|0|0|0|0|0|0|0|26-MAR-15 10.00.00.000000 PM
37|1|169|266626|undo segment|5028.12|13135323|1943|27|181|181|0|0|0|0|0|0|0|0|30-MAR-15 10.00.00.000000 PM
37|1|161|266626|undo segment|7138.04|20074872|2316|38|181|181|0|0|0|0|0|0|0|0|24-MAR-15 08.00.00.000000 AM
37|1|162|266626|undo segment|4858.34|12791268|1931|37|181|181|0|0|0|0|0|0|0|0|24-MAR-15 10.00.00.000000 PM
37|1|164|266626|undo segment|6873.97|18162652|59874|53|181|181|0|0|0|0|0|0|0|0|26-MAR-15 08.00.00.000000 AM
37|1|177|266626|undo segment|4649.01|8552333|2814|30|181|181|0|0|0|0|0|0|0|0|03-APR-15 10.00.00.000000 PM
37|1|178|266626|undo segment|6240|16393495|1946|32|181|181|0|0|0|0|0|0|0|0|06-APR-15 08.00.00.000000 AM
37|1|170|266626|undo segment|6772.88|18817609|2361|41|181|181|0|0|0|0|0|0|0|0|31-MAR-15 08.00.00.000000 AM
37|1|171|266626|undo segment|4919.45|12989834|2028|30|181|181|0|0|0|0|0|0|0|0|31-MAR-15 10.00.00.000000 PM
37|1|172|266626|undo segment|6629.67|18449573|1966|30|181|181|0|0|0|0|0|0|0|0|01-APR-15 08.00.00.000000 AM
37|1|173|266626|undo segment|5812.63|12671486|1996|61|181|181|0|0|0|0|0|0|0|0|01-APR-15 10.00.00.000000 PM
37|1|174|266626|undo segment|6344.17|17472832|1972|87|181|181|0|0|0|0|0|0|0|0|02-APR-15 08.00.00.000000 AM
37|1|175|266626|undo segment|5092.66|11589337|2960|37|181|181|0|0|0|0|0|0|0|0|02-APR-15 10.00.00.000000 PM
37|1|176|266626|undo segment|5225.09|14813859|1944|41|181|181|0|0|0|0|0|0|0|0|03-APR-15 08.00.00.000000 AM
37|1|179|266626|undo segment|5425.34|13611743|2780|32|181|181|0|0|0|0|0|0|0|0|06-APR-15 10.00.00.000000 PM
37|1|187|266626|undo segment|4380.54|8678652|3273|25|181|181|0|0|0|0|0|0|0|0|10-APR-15 10.00.00.000000 PM
37|1|182|266626|undo segment|5496.99|12270037|2053|62|181|181|0|0|0|0|0|0|0|0|08-APR-15 10.00.00.000000 PM
37|1|183|266626|undo segment|6239.83|18344921|1930|29|181|181|0|0|0|0|0|0|0|0|08-APR-15 08.00.00.000000 AM
37|1|184|266626|undo segment|6228.67|17776969|11444|35|181|181|0|0|0|0|0|0|0|0|09-APR-15 08.00.00.000000 AM
37|1|180|266626|undo segment|6462.62|18147630|1922|45|181|181|0|0|0|0|0|0|0|0|07-APR-15 08.00.00.000000 AM
37|1|181|266626|undo segment|4835.79|12656709|2155|28|181|181|0|0|0|0|0|0|0|0|07-APR-15 10.00.00.000000 PM
37|1|188|266626|undo segment|4938.9|13425265|3925|40|181|181|0|0|0|0|0|0|0|0|12-APR-15 10.00.00.000000 PM
37|1|185|266626|undo segment|5294.27|12362248|3025|41|181|181|0|0|0|0|0|0|0|0|09-APR-15 10.00.00.000000 PM
37|1|186|266626|undo segment|5835.53|17163791|1933|34|181|181|0|0|0|0|0|0|0|0|10-APR-15 08.00.00.000000 AM
37|1|190|266626|undo segment|4355.84|12662412|1902|28|181|181|0|0|0|0|0|0|0|0|13-APR-15 10.00.00.000000 PM
37|1|189|266626|undo segment|7378.15|19704869|2057|79|181|181|0|0|0|0|0|0|0|0|13-APR-15 08.00.00.000000 AM
37|1|193|266626|undo segment|6430.33|18463029|3246|39|181|181|0|0|0|0|0|0|0|0|15-APR-15 08.00.00.000000 AM
37|1|192|266626|undo segment|4613.88|12906455|2047|25|181|181|0|0|0|0|0|0|0|0|14-APR-15 10.00.00.000000 PM
37|1|201|266626|undo segment|5163.06|13859524|4825|47|181|181|0|0|0|0|0|0|0|0|20-APR-15 10.00.00.000000 PM
37|1|195|266626|undo segment|6640.7|18015101|1946|126|181|181|0|0|0|0|0|0|0|0|16-APR-15 08.00.00.000000 AM
37|1|194|266626|undo segment|5329.46|12694554|1955|26|181|181|0|0|0|0|0|0|0|0|15-APR-15 10.00.00.000000 PM
37|1|199|266626|undo segment|4983.83|12810738|7438|30|181|181|1|0|0|0|0|0|0|0|19-APR-15 10.00.00.000000 PM
37|1|200|266626|undo segment|7824.39|19151202|5953|71|181|181|0|0|0|0|0|0|0|0|20-APR-15 08.00.00.000000 AM
37|1|191|266626|undo segment|6764.24|18593697|1944|37|181|181|0|0|0|0|0|0|0|0|14-APR-15 08.00.00.000000 AM
37|1|197|266626|undo segment|5911.3|17115927|1931|35|181|181|0|0|0|0|0|0|0|0|17-APR-15 08.00.00.000000 AM
37|1|198|266626|undo segment|4570.52|11439766|3346|51|181|181|0|0|0|0|0|0|0|0|17-APR-15 10.00.00.000000 PM
37|1|196|266626|undo segment|5586.99|12519641|1954|63|181|181|0|0|0|0|0|0|0|0|16-APR-15 10.00.00.000000 PM
37|1|204|266626|undo segment|7442.9|19072029|2736|38|181|181|0|0|0|0|0|0|0|0|22-APR-15 08.00.00.000000 AM
37|1|205|266626|undo segment|5787.21|12643358|2353|28|181|181|0|0|0|0|0|0|0|0|22-APR-15 10.00.00.000000 PM
37|1|207|266626|undo segment|5722.13|12851573|2094|34|181|181|0|0|0|0|0|0|0|0|23-APR-15 10.00.00.000000 PM
37|1|209|266626|undo segment|8634.92|19274565|2951|58|181|181|0|0|0|0|0|0|0|0|27-APR-15 08.00.00.000000 AM
37|1|208|266626|undo segment|5582.88|12974891|9465|28|181|181|0|0|0|0|0|0|0|0|26-APR-15 10.00.00.000000 PM
37|1|202|266626|undo segment|7078.38|18898135|2417|47|181|181|0|0|0|0|0|0|0|0|21-APR-15 08.00.00.000000 AM
37|1|203|266626|undo segment|4996.49|13448295|3076|26|181|181|0|0|0|0|0|0|0|0|21-APR-15 10.00.00.000000 PM
37|1|206|266626|undo segment|6480.28|18068417|1967|35|181|181|0|0|0|0|0|0|0|0|23-APR-15 08.00.00.000000 AM
37|1|210|266626|undo segment|5545.9|12922939|2013|45|181|181|0|0|0|0|0|0|0|0|27-APR-15 10.00.00.000000 PM
37|1|216|266626|undo segment|4124.38|10131503|2885|31|181|181|0|0|0|0|0|0|0|0|30-APR-15 10.00.00.000000 PM
37|1|220|266626|undo segment|6613.32|17754335|2248|50|181|181|0|0|0|0|0|0|0|0|04-MAY-15 08.00.00.000000 AM
37|1|212|266626|undo segment|4616.95|13122495|2939|26|181|181|0|0|0|0|0|0|0|0|28-APR-15 10.00.00.000000 PM
37|1|221|266626|undo segment|4271.22|12257628|3210|25|181|181|0|0|0|0|0|0|0|0|04-MAY-15 10.00.00.000000 PM
37|1|213|266626|undo segment|6602.69|18975730|2350|69|181|181|0|0|0|0|0|0|0|0|29-APR-15 08.00.00.000000 AM
37|1|214|266626|undo segment|5300.1|12720660|2364|48|181|181|0|0|0|0|0|0|0|0|29-APR-15 10.00.00.000000 PM
37|1|217|266626|undo segment|5238.92|15268538|1890|27|181|181|0|0|0|0|0|0|0|0|01-MAY-15 08.00.00.000000 AM
37|1|218|266626|undo segment|4271.09|8435290|3305|25|181|181|0|0|0|0|0|0|0|0|01-MAY-15 10.00.00.000000 PM
37|1|211|266626|undo segment|7431.67|20308132|2212|83|181|181|0|0|0|0|0|0|0|0|28-APR-15 08.00.00.000000 AM
37|1|219|266626|undo segment|5082.39|12363633|11074|53|181|181|2|0|0|0|0|0|0|0|03-MAY-15 10.00.00.000000 PM
37|1|215|266626|undo segment|6732.31|18962606|1938|66|181|181|0|0|0|0|0|0|0|0|30-APR-15 08.00.00.000000 AM
37|1|225|266626|undo segment|5313.99|12628860|2573|25|181|181|0|0|0|0|0|0|0|0|06-MAY-15 10.00.00.000000 PM
37|1|230|266626|undo segment|4664.77|12139647|11252|66|181|181|1|0|0|0|0|0|0|0|10-MAY-15 10.00.00.000000 PM
37|1|228|266626|undo segment|6332.66|17079113|1905|62|181|181|0|0|0|0|0|0|0|0|08-MAY-15 08.00.00.000000 AM
37|1|229|266626|undo segment|4148.4|8541559|2645|29|181|181|0|0|0|0|0|0|0|0|08-MAY-15 10.00.00.000000 PM
37|1|232|266626|undo segment|4444.39|12483551|3008|34|181|181|0|0|0|0|0|0|0|0|11-MAY-15 10.00.00.000000 PM
37|1|222|266626|undo segment|6766.8|18241054|2842|31|181|181|0|0|0|0|0|0|0|0|05-MAY-15 08.00.00.000000 AM
37|1|227|266626|undo segment|5130.99|11949127|1979|52|181|181|0|0|0|0|0|0|0|0|07-MAY-15 10.00.00.000000 PM
37|1|223|266626|undo segment|5000.48|12552345|1768|27|181|181|0|0|0|0|0|0|0|0|05-MAY-15 10.00.00.000000 PM
37|1|231|266626|undo segment|6926.16|18232301|10791|37|181|181|1|0|0|0|0|0|0|0|11-MAY-15 08.00.00.000000 AM
37|1|224|266626|undo segment|7023.89|18878136|1911|59|181|181|0|0|0|0|0|0|0|0|06-MAY-15 08.00.00.000000 AM
37|1|226|266626|undo segment|7403.74|19583702|1919|65|181|181|0|0|0|0|0|0|0|0|07-MAY-15 08.00.00.000000 AM
37|1|234|266626|undo segment|5685.34|13693338|2411|40|181|181|0|0|0|0|0|0|0|0|13-MAY-15 10.00.00.000000 PM
37|1|236|266626|undo segment|4933.16|11956128|2107|26|181|181|0|0|0|0|0|0|0|0|14-MAY-15 10.00.00.000000 PM
37|1|239|266626|undo segment|4727.41|12453352|11248|30|181|181|1|0|0|0|0|0|0|0|17-MAY-15 10.00.00.000000 PM
37|1|235|266626|undo segment|7173.04|17882919|1943|96|181|181|0|0|0|0|0|0|0|0|14-MAY-15 08.00.00.000000 AM
37|1|240|266626|undo segment|6772.19|17930287|1954|65|181|181|0|0|0|0|0|0|0|0|18-MAY-15 08.00.00.000000 AM
37|1|241|266626|undo segment|4517.99|12373217|2276|32|181|181|0|0|0|0|0|0|0|0|18-MAY-15 10.00.00.000000 PM
37|1|238|266626|undo segment|4347.63|8834416|5154|31|181|181|0|0|0|0|0|0|0|0|15-MAY-15 10.00.00.000000 PM
37|1|237|266626|undo segment|6081.56|16988057|1946|49|181|181|0|0|0|0|0|0|0|0|15-MAY-15 08.00.00.000000 AM
37|1|243|266626|undo segment|4652.74|13054828|1867|29|181|181|0|0|0|0|0|0|0|0|19-MAY-15 10.00.00.000000 PM
37|1|245|266626|undo segment|5950.96|12705946|1928|105|181|181|0|0|0|0|0|0|0|0|20-MAY-15 10.00.00.000000 PM
37|1|246|266626|undo segment|7329.66|18415390|1928|44|181|181|0|0|0|0|0|0|0|0|21-MAY-15 08.00.00.000000 AM
37|1|252|266626|undo segment|3943.99|11258149|3605|59|181|181|0|0|0|0|0|0|0|0|25-MAY-15 10.00.00.000000 PM
37|1|242|266626|undo segment|6650.87|18474144|5126|48|181|181|0|0|0|0|0|0|0|0|19-MAY-15 08.00.00.000000 AM
37|1|247|266626|undo segment|5947.7|12868642|2360|66|181|181|0|0|0|0|0|0|0|0|21-MAY-15 10.00.00.000000 PM
37|1|251|266626|undo segment|2763.47|10739100|1985|34|181|181|0|0|0|0|0|0|0|0|25-MAY-15 08.00.00.000000 AM
37|1|249|266626|undo segment|4203.46|8713383|2847|30|181|181|0|0|0|0|0|0|0|0|22-MAY-15 10.00.00.000000 PM
37|1|250|266626|undo segment|4096.63|11626016|9742|45|181|181|0|0|0|0|0|0|0|0|24-MAY-15 10.00.00.000000 PM
37|1|248|266626|undo segment|6151.26|16896738|1941|47|181|181|0|0|0|0|0|0|0|0|22-MAY-15 08.00.00.000000 AM
37|1|244|266626|undo segment|6681.95|19185038|48634|58|181|181|0|0|0|0|0|0|0|0|20-MAY-15 08.00.00.000000 AM
37|1|261|266626|undo segment|5122.15|12909701|11474|26|181|181|1|0|0|0|0|0|0|0|31-MAY-15 10.00.00.000000 PM
37|1|254|266626|undo segment|5320.94|12675814|2635|62|181|181|0|0|0|0|0|0|0|0|26-MAY-15 10.00.00.000000 PM
37|1|256|266626|undo segment|5395.39|12801772|3278|87|181|181|0|0|0|0|0|0|0|0|27-MAY-15 10.00.00.000000 PM
37|1|257|266626|undo segment|6859.91|18284222|6299|32|181|181|0|0|0|0|0|0|0|0|28-MAY-15 08.00.00.000000 AM
37|1|258|266626|undo segment|5243.44|12702220|2609|37|181|181|0|0|0|0|0|0|0|0|28-MAY-15 10.00.00.000000 PM
37|1|259|266626|undo segment|5961.27|17576454|1906|59|181|181|0|0|0|0|0|0|0|0|29-MAY-15 08.00.00.000000 AM
37|1|255|266626|undo segment|6525.31|18378176|4879|142|181|181|0|0|0|0|0|0|0|0|27-MAY-15 08.00.00.000000 AM
37|1|260|266626|undo segment|4333.79|8961580|3075|30|181|181|0|0|0|0|0|0|0|0|29-MAY-15 10.00.00.000000 PM
37|1|253|266626|undo segment|8074.33|17621761|4767|67|181|181|0|0|0|0|0|0|0|0|26-MAY-15 08.00.00.000000 AM
37|1|262|266626|undo segment|7006.67|17882942|3482|86|181|181|0|0|0|0|0|0|0|0|01-JUN-15 08.00.00.000000 AM
37|1|263|266626|undo segment|4367.58|12437027|3190|38|181|181|0|0|0|0|0|0|0|0|01-JUN-15 10.00.00.000000 PM
37|1|274|266626|undo segment|4632.19|13231418|2354|26|181|181|0|0|0|0|0|0|0|0|08-JUN-15 10.00.00.000000 PM
37|1|266|266626|undo segment|6923.34|19075904|2785|133|181|181|0|0|0|0|0|0|0|0|03-JUN-15 08.00.00.000000 AM
37|1|267|266626|undo segment|5601.79|12754684|182603|32|181|181|0|0|0|0|0|0|0|0|03-JUN-15 10.00.00.000000 PM
37|1|272|266626|undo segment|5368.47|13125633|10954|26|181|181|1|0|0|0|0|0|0|0|07-JUN-15 10.00.00.000000 PM
37|1|269|266626|undo segment|5456.09|12907144|267937|92|181|181|0|0|0|0|0|0|0|0|04-JUN-15 10.00.00.000000 PM
37|1|273|266626|undo segment|6978.07|18106416|1925|80|181|181|0|0|0|0|0|0|0|0|08-JUN-15 08.00.00.000000 AM
37|1|271|266626|undo segment|4343.63|9653586|112656|45|181|181|0|0|0|0|0|0|0|0|05-JUN-15 10.00.00.000000 PM
37|1|270|266626|undo segment|6853.73|17064839|302125|67|181|181|0|0|0|0|0|0|0|0|05-JUN-15 08.00.00.000000 AM
37|1|265|266626|undo segment|4552.36|13528718|96080|37|181|181|0|0|0|0|0|0|0|0|02-JUN-15 10.00.00.000000 PM
37|1|268|266626|undo segment|6467.85|17806399|214994|56|181|181|0|0|0|0|0|0|0|0|04-JUN-15 08.00.00.000000 AM
37|1|264|266626|undo segment|6627.46|18954469|2437|82|181|181|0|0|0|0|0|0|0|0|02-JUN-15 08.00.00.000000 AM
37|1|282|266626|undo segment|5603.07|16633424|1941|53|181|181|0|0|0|0|0|0|0|0|12-JUN-15 08.00.00.000000 AM
37|1|277|266626|undo segment|6413.64|18212811|1906|60|181|181|0|0|0|0|0|0|0|0|10-JUN-15 08.00.00.000000 AM
37|1|279|266626|undo segment|6528.98|17846293|1913|58|181|181|0|0|0|0|0|0|0|0|11-JUN-15 08.00.00.000000 AM
37|1|280|266626|undo segment|5110.24|12535907|1945|107|181|181|0|0|0|0|0|0|0|0|11-JUN-15 10.00.00.000000 PM
37|1|284|266626|undo segment|5499.49|12812245|2330|22|181|181|0|0|0|0|0|0|0|0|15-JUN-15 10.00.00.000000 PM
37|1|285|266626|undo segment|9770.11|18549707|1950|71|181|181|0|0|0|0|0|0|0|0|15-JUN-15 08.00.00.000000 AM
37|1|275|266626|undo segment|6630.09|18267519|2169|75|181|181|0|0|0|0|0|0|0|0|09-JUN-15 08.00.00.000000 AM
37|1|276|266626|undo segment|4460.4|12759339|1944|52|181|181|0|0|0|0|0|0|0|0|09-JUN-15 10.00.00.000000 PM
37|1|281|266626|undo segment|3985.35|8694417|8856|35|181|181|0|0|0|0|0|0|0|0|12-JUN-15 10.00.00.000000 PM
37|1|283|266626|undo segment|8010.41|13323976|10943|24|181|181|1|0|0|0|0|0|0|0|14-JUN-15 10.00.00.000000 PM
37|1|278|266626|undo segment|5490.07|12881692|2029|34|181|181|0|0|0|0|0|0|0|0|10-JUN-15 10.00.00.000000 PM
37|1|287|266626|undo segment|6321.08|17989723|3091|31|181|181|0|0|0|0|0|0|0|0|16-JUN-15 08.00.00.000000 AM
37|1|286|266626|undo segment|5800.46|17745854|2793|81|181|181|0|0|0|0|0|0|0|0|16-JUN-15 10.00.00.000000 PM
37|1|296|266626|undo segment|7181.85|19284050|2320|52|181|181|0|0|0|0|0|0|0|0|22-JUN-15 08.00.00.000000 AM
37|1|294|266626|undo segment|5078.49|13898085|10906|25|181|181|1|0|0|0|0|0|0|0|21-JUN-15 10.00.00.000000 PM
37|1|295|266626|undo segment|4649.66|13091547|3104|34|181|181|0|0|0|0|0|0|0|0|22-JUN-15 10.00.00.000000 PM
37|1|288|266626|undo segment|5132.61|12590582|3140|43|181|181|0|0|0|0|0|0|0|0|17-JUN-15 10.00.00.000000 PM
37|1|290|266626|undo segment|5230.46|12590946|2211|93|181|181|0|0|0|0|0|0|0|0|18-JUN-15 10.00.00.000000 PM
37|1|291|266626|undo segment|6797.42|18188729|2168|70|181|181|0|0|0|0|0|0|0|0|18-JUN-15 08.00.00.000000 AM
37|1|292|266626|undo segment|2093.25|9263758|2472|163|181|181|0|0|0|0|0|0|0|0|19-JUN-15 10.00.00.000000 PM
37|1|289|266626|undo segment|6753.45|18515518|1888|60|181|181|0|0|0|0|0|0|0|0|17-JUN-15 08.00.00.000000 AM
37|1|293|266626|undo segment|6430.92|16957165|2264|81|181|181|0|0|0|0|0|0|0|0|19-JUN-15 08.00.00.000000 AM
37|1|297|266626|undo segment|4577.87|12931605|3096|32|181|181|0|0|0|0|0|0|0|0|23-JUN-15 10.00.00.000000 PM
37|1|298|266626|undo segment|6829.48|18836076|2435|95|181|181|0|0|0|0|0|0|0|0|23-JUN-15 08.00.00.000000 AM
37|1|300|266626|undo segment|6789.52|18308992|2126|34|181|181|0|0|0|0|0|0|0|0|24-JUN-15 08.00.00.000000 AM
37|1|302|266626|undo segment|6652.57|18302926|1946|42|181|181|0|0|0|0|0|0|0|0|25-JUN-15 08.00.00.000000 AM
37|1|304|266626|undo segment|5972.46|16413034|1947|22|181|181|0|0|0|0|0|0|0|0|26-JUN-15 08.00.00.000000 AM
37|1|299|266626|undo segment|5288.16|12814199|2393|34|181|181|0|0|0|0|0|0|0|0|24-JUN-15 10.00.00.000000 PM
37|1|305|266626|undo segment|4660.56|12695307|11055|28|181|181|1|0|0|0|0|0|0|0|28-JUN-15 10.00.00.000000 PM
37|1|306|266626|undo segment|4812.83|12779404|4011|22|181|181|0|0|0|0|0|0|0|0|29-JUN-15 10.00.00.000000 PM
37|1|307|266626|undo segment|6921.4|18316743|2416|35|181|181|0|0|0|0|0|0|0|0|29-JUN-15 08.00.00.000000 AM
37|1|301|266626|undo segment|4926.25|12495961|2185|31|181|181|0|0|0|0|0|0|0|0|25-JUN-15 10.00.00.000000 PM
37|1|303|266626|undo segment|4351.32|8573912|3311|44|181|181|0|0|0|0|0|0|0|0|26-JUN-15 10.00.00.000000 PM
37|1|310|266626|undo segment|5921.12|13629885|3921|35|181|181|0|0|0|0|0|0|0|0|01-JUL-15 10.00.00.000000 PM
37|1|311|266626|undo segment|6119.04|17918995|2401|31|181|181|0|0|0|0|0|0|0|0|01-JUL-15 08.00.00.000000 AM
37|1|314|266626|undo segment|3618.7|10147178|2559|59|181|181|0|0|0|0|0|0|0|0|03-JUL-15 10.00.00.000000 PM
37|1|315|266626|undo segment|3033.71|11647173|2963|27|181|181|0|0|0|0|0|0|0|0|03-JUL-15 08.00.00.000000 AM
37|1|312|266626|undo segment|6573.54|13046180|4212|84|181|181|0|0|0|0|0|0|0|0|02-JUL-15 10.00.00.000000 PM
37|1|313|266626|undo segment|6857.82|17572209|2903|99|181|181|0|0|0|0|0|0|0|0|02-JUL-15 08.00.00.000000 AM
37|1|308|266626|undo segment|4780.21|13000518|3332|31|181|181|0|0|0|0|0|0|0|0|30-JUN-15 10.00.00.000000 PM
37|1|309|266626|undo segment|6889.68|18228770|3364|48|181|181|0|0|0|0|0|0|0|0|30-JUN-15 08.00.00.000000 AM
37|1|318|266626|undo segment|9147.8|18613126|2292|52|181|181|0|0|0|0|0|0|0|0|06-JUL-15 08.00.00.000000 AM
37|1|317|266626|undo segment|4446.15|13093529|3154|58|181|181|0|0|0|0|0|0|0|0|06-JUL-15 10.00.00.000000 PM
37|1|316|266626|undo segment|5344.92|12765292|11338|36|181|181|1|0|0|0|0|0|0|0|05-JUL-15 10.00.00.000000 PM
37|1|321|266626|undo segment|5735.22|12808092|3768|42|181|181|0|0|0|0|0|0|0|0|08-JUL-15 10.00.00.000000 PM
37|1|319|266626|undo segment|4643.6|13496566|2548|30|181|181|0|0|0|0|0|0|0|0|07-JUL-15 10.00.00.000000 PM
37|1|320|266626|undo segment|8194.54|19188465|2355|33|181|181|0|0|0|0|0|0|0|0|07-JUL-15 08.00.00.000000 AM
37|1|328|266626|undo segment|4373.66|12962079|2810|24|181|181|0|0|0|0|0|0|0|0|13-JUL-15 10.00.00.000000 PM
37|1|323|266626|undo segment|5377.79|12792028|2068|54|181|181|0|0|0|0|0|0|0|0|09-JUL-15 10.00.00.000000 PM
37|1|325|266626|undo segment|5294.07|16141180|2321|51|181|181|0|0|0|0|0|0|0|0|10-JUL-15 10.00.00.000000 PM
37|1|326|266626|undo segment|6213.27|17992723|1913|30|181|181|0|0|0|0|0|0|0|0|10-JUL-15 08.00.00.000000 AM
37|1|324|266626|undo segment|6451.47|17758675|2011|27|181|181|0|0|0|0|0|0|0|0|09-JUL-15 08.00.00.000000 AM
37|1|327|266626|undo segment|4399.67|12672883|10014|27|181|181|0|0|0|0|0|0|0|0|12-JUL-15 10.00.00.000000 PM
37|1|329|266626|undo segment|7304.73|18594866|2402|129|181|181|0|0|0|0|0|0|0|0|13-JUL-15 08.00.00.000000 AM
37|1|322|266626|undo segment|6440|18420773|1904|29|181|181|0|0|0|0|0|0|0|0|08-JUL-15 08.00.00.000000 AM
37|1|331|266626|undo segment|6161.65|18014684|2993|27|181|181|0|0|0|0|0|0|0|0|14-JUL-15 08.00.00.000000 AM
37|1|334|266626|undo segment|5171.18|12530360|2313|47|181|181|0|0|0|0|0|0|0|0|16-JUL-15 10.00.00.000000 PM
37|1|335|266626|undo segment|6354.93|18054487|2147|55|181|181|0|0|0|0|0|0|0|0|16-JUL-15 08.00.00.000000 AM
37|1|330|266626|undo segment|4401.23|13145000|3445|39|181|181|0|0|0|0|0|0|0|0|14-JUL-15 10.00.00.000000 PM
37|1|332|266626|undo segment|5433.47|13024572|2201|45|181|181|0|0|0|0|0|0|0|0|15-JUL-15 10.00.00.000000 PM
37|1|333|266626|undo segment|6435.96|18569882|1935|28|181|181|0|0|0|0|0|0|0|0|15-JUL-15 08.00.00.000000 AM
37|1|336|266626|undo segment|4570.57|9262713|2866|66|181|181|0|0|0|0|0|0|0|0|17-JUL-15 10.00.00.000000 PM
37|1|337|266626|undo segment|7592.15|17731045|1915|42|181|181|0|0|0|0|0|0|0|0|17-JUL-15 08.00.00.000000 AM
37|1|339|266626|undo segment|4497.38|13040190|2550|24|181|181|0|0|0|0|0|0|0|0|20-JUL-15 10.00.00.000000 PM
37|1|340|266626|undo segment|7393.66|18579635|3051|47|181|181|0|0|0|0|0|0|0|0|20-JUL-15 08.00.00.000000 AM
37|1|338|266626|undo segment|4518.13|12241478|11314|81|181|181|1|0|0|0|0|0|0|0|19-JUL-15 10.00.00.000000 PM
37|1|346|266626|undo segment|6337.31|17631974|2594|70|181|181|0|0|0|0|0|0|0|0|23-JUL-15 08.00.00.000000 AM
37|1|343|266626|undo segment|5814.7|13228828|2265|60|181|181|0|0|0|0|0|0|0|0|22-JUL-15 10.00.00.000000 PM
37|1|344|266626|undo segment|6561|18864744|2913|29|181|181|0|0|0|0|0|0|0|0|22-JUL-15 08.00.00.000000 AM
37|1|347|266626|undo segment|5342.36|12872120|6949|22|181|181|0|0|0|0|0|0|0|0|26-JUL-15 10.00.00.000000 PM
37|1|345|266626|undo segment|4969.55|12484816|3145|55|181|181|0|0|0|0|0|0|0|0|23-JUL-15 10.00.00.000000 PM
37|1|342|266626|undo segment|7594.6|19101331|2246|27|181|181|0|0|0|0|0|0|0|0|21-JUL-15 08.00.00.000000 AM
37|1|341|266626|undo segment|4352.24|12947551|2401|27|181|181|0|0|0|0|0|0|0|0|21-JUL-15 10.00.00.000000 PM
37|1|352|266626|undo segment|5390.9|12511180|1893|91|181|181|0|0|0|0|0|0|0|0|30-JUL-15 10.00.00.000000 PM
37|1|356|266626|undo segment|4980.57|13186372|10953|41|181|181|1|0|0|0|0|0|0|0|02-AUG-15 10.00.00.000000 PM
37|1|354|266626|undo segment|4626.21|9657000|2742|54|181|181|0|0|0|0|0|0|0|0|31-JUL-15 10.00.00.000000 PM
37|1|355|266626|undo segment|5689.64|16393992|1915|52|181|181|0|0|0|0|0|0|0|0|31-JUL-15 08.00.00.000000 AM
37|1|351|266626|undo segment|6985.28|18706162|1949|39|181|181|0|0|0|0|0|0|0|0|29-JUL-15 08.00.00.000000 AM
37|1|357|266626|undo segment|4532.47|12794192|1897|50|181|181|0|0|0|0|0|0|0|0|03-AUG-15 10.00.00.000000 PM
37|1|358|266626|undo segment|7159.21|17933385|1942|61|181|181|0|0|0|0|0|0|0|0|03-AUG-15 08.00.00.000000 AM
37|1|353|266626|undo segment|6222.62|17702415|1910|48|181|181|0|0|0|0|0|0|0|0|30-JUL-15 08.00.00.000000 AM
37|1|348|266626|undo segment|4187.4|12759663|1923|34|181|181|0|0|0|0|0|0|0|0|28-JUL-15 10.00.00.000000 PM
37|1|349|266626|undo segment|6451.65|18123673|2301|30|181|181|0|0|0|0|0|0|0|0|28-JUL-15 08.00.00.000000 AM
37|1|350|266626|undo segment|6002.4|13344778|3617|54|181|181|0|0|0|0|0|0|0|0|29-JUL-15 10.00.00.000000 PM
37|1|359|266626|undo segment|6118.19|13319373|1928|25|181|181|0|0|0|0|0|0|0|0|04-AUG-15 10.00.00.000000 PM
37|1|360|266626|undo segment|7888.72|18185307|5319|72|181|181|0|0|0|0|0|0|0|0|04-AUG-15 08.00.00.000000 AM
37|1|361|266626|undo segment|6914.78|12914321|3659|63|181|181|0|0|0|0|0|0|0|0|05-AUG-15 10.00.00.000000 PM
37|1|365|266626|undo segment|7940.99|17975384|2267|47|181|181|0|0|0|0|0|0|0|0|07-AUG-15 08.00.00.000000 AM
37|1|366|266626|undo segment|6196.74|13938580|10879|28|181|181|1|0|0|0|0|0|0|0|09-AUG-15 10.00.00.000000 PM
37|1|362|266626|undo segment|8115.55|18762304|1903|51|181|181|0|0|0|0|0|0|0|0|05-AUG-15 08.00.00.000000 AM
37|1|363|266626|undo segment|6419.82|12351011|2669|51|181|181|0|0|0|0|0|0|0|0|06-AUG-15 10.00.00.000000 PM
37|1|364|266626|undo segment|7855.53|17849408|2746|33|181|181|0|0|0|0|0|0|0|0|06-AUG-15 08.00.00.000000 AM
37|1|367|266626|undo segment|6523.18|12798148|2044|32|181|181|0|0|0|0|0|0|0|0|10-AUG-15 10.00.00.000000 PM
37|1|370|266626|undo segment|5391.05|12485004|2281|42|181|181|0|0|0|0|0|0|0|0|12-AUG-15 10.00.00.000000 PM
37|1|378|266626|undo segment|7905.15|18737124|2520|56|181|181|0|0|0|0|0|0|0|0|17-AUG-15 08.00.00.000000 AM
37|1|373|266626|undo segment|6874.5|17492293|1923|39|181|181|0|0|0|0|0|0|0|0|13-AUG-15 08.00.00.000000 AM
37|1|375|266626|undo segment|7379.74|16481001|1928|30|181|181|0|0|0|0|0|0|0|0|14-AUG-15 08.00.00.000000 AM
37|1|369|266626|undo segment|6575.32|18476526|1918|39|181|181|0|0|0|0|0|0|0|0|11-AUG-15 08.00.00.000000 AM
37|1|377|266626|undo segment|4933.26|12914262|2282|39|181|181|0|0|0|0|0|0|0|0|17-AUG-15 10.00.00.000000 PM
37|1|374|266626|undo segment|4901.91|8847988|2732|34|181|181|0|0|0|0|0|0|0|0|14-AUG-15 10.00.00.000000 PM
37|1|376|266626|undo segment|1458.63|3974494|2308|156|181|181|0|0|0|0|0|0|0|0|16-AUG-15 10.00.00.000000 PM
37|1|371|266626|undo segment|7379.47|18085862|1949|74|181|181|0|0|0|0|0|0|0|0|12-AUG-15 08.00.00.000000 AM
37|1|372|266626|undo segment|5424.72|12148028|2202|46|181|181|0|0|0|0|0|0|0|0|13-AUG-15 10.00.00.000000 PM
37|1|368|266626|undo segment|4567.4|12725397|2502|45|181|181|0|0|0|0|0|0|0|0|11-AUG-15 10.00.00.000000 PM
37|1|382|266626|undo segment|6597.35|18118976|2452|34|181|181|0|0|0|0|0|0|0|0|19-AUG-15 08.00.00.000000 AM
37|1|383|266626|undo segment|5012.79|12541875|3692|32|181|181|0|0|0|0|0|0|0|0|20-AUG-15 10.00.00.000000 PM
37|1|385|266626|undo segment|5176.16|9662814|4112|40|181|181|0|0|0|0|0|0|0|0|21-AUG-15 10.00.00.000000 PM
37|1|387|266626|undo segment|4542.81|12455644|11294|22|181|181|1|0|0|0|0|0|0|0|23-AUG-15 10.00.00.000000 PM
37|1|379|266626|undo segment|4307.65|12528234|3740|59|181|181|0|0|0|0|0|0|0|0|18-AUG-15 10.00.00.000000 PM
37|1|389|266626|undo segment|7068.19|18494666|2914|37|181|181|0|0|0|0|0|0|0|0|24-AUG-15 08.00.00.000000 AM
37|1|386|266626|undo segment|5884.25|17164893|1999|32|181|181|0|0|0|0|0|0|0|0|21-AUG-15 08.00.00.000000 AM
37|1|381|266626|undo segment|5331.85|12726476|2371|24|181|181|0|0|0|0|0|0|0|0|19-AUG-15 10.00.00.000000 PM
37|1|380|266626|undo segment|7099.59|18363681|2106|77|181|181|0|0|0|0|0|0|0|0|18-AUG-15 08.00.00.000000 AM
37|1|384|266626|undo segment|6298.8|18173945|11034|34|181|181|1|0|0|0|0|0|0|0|20-AUG-15 08.00.00.000000 AM
37|1|388|266626|undo segment|4920.75|13921997|3835|34|181|181|0|0|0|0|0|0|0|0|24-AUG-15 10.00.00.000000 PM
37|1|394|266626|undo segment|6174.92|12377350|2542|30|181|181|0|0|0|0|0|0|0|0|27-AUG-15 10.00.00.000000 PM
37|1|396|266626|undo segment|4316.84|9413955|4668|37|181|181|0|0|0|0|0|0|0|0|28-AUG-15 10.00.00.000000 PM
37|1|397|266626|undo segment|6538.19|17535411|3172|45|181|181|0|0|0|0|0|0|0|0|28-AUG-15 08.00.00.000000 AM
37|1|395|266626|undo segment|6837.4|19132204|2218|93|181|181|0|0|0|0|0|0|0|0|27-AUG-15 08.00.00.000000 AM
37|1|399|266626|undo segment|4818.45|12467537|2477|31|181|181|0|0|0|0|0|0|0|0|31-AUG-15 10.00.00.000000 PM
37|1|398|266626|undo segment|5028.46|12800860|10993|41|181|181|1|0|0|0|0|0|0|0|30-AUG-15 10.00.00.000000 PM
37|1|400|266626|undo segment|7005.69|17644517|2387|36|181|181|0|0|0|0|0|0|0|0|31-AUG-15 08.00.00.000000 AM
37|1|391|266626|undo segment|7191.42|18878696|2310|65|181|181|0|0|0|0|0|0|0|0|25-AUG-15 08.00.00.000000 AM
37|1|392|266626|undo segment|6866.36|13622609|4451|36|181|181|0|0|0|0|0|0|0|0|26-AUG-15 10.00.00.000000 PM
37|1|393|266626|undo segment|7325.32|19540616|3017|32|181|181|0|0|0|0|0|0|0|0|26-AUG-15 08.00.00.000000 AM
37|1|390|266626|undo segment|5127.45|12715946|5687|21|181|181|0|0|0|0|0|0|0|0|25-AUG-15 10.00.00.000000 PM
37|1|403|266626|undo segment|4307.39|11271945|4017|40|181|181|0|0|0|0|0|0|0|0|02-SEP-15 10.00.00.000000 PM
37|1|404|266626|undo segment|6698.5|17311766|2434|72|181|181|0|0|0|0|0|0|0|0|02-SEP-15 08.00.00.000000 AM
37|1|402|266626|undo segment|6826.43|16889116|3049|38|181|181|0|0|0|0|0|0|0|0|01-SEP-15 08.00.00.000000 AM
37|1|401|266626|undo segment|3968.02|12006900|2433|41|181|181|0|0|0|0|0|0|0|0|01-SEP-15 10.00.00.000000 PM
37|1|405|266626|undo segment|4814.58|12193992|3342|47|181|181|0|0|0|0|0|0|0|0|06-SEP-15 10.00.00.000000 PM
37|1|406|266626|undo segment|3587.39|11609622|3314|27|181|181|0|0|0|0|0|0|0|0|07-SEP-15 10.00.00.000000 PM
37|1|407|266626|undo segment|3602.04|12950588|2355|47|181|181|0|0|0|0|0|0|0|0|07-SEP-15 08.00.00.000000 AM
37|1|408|266626|undo segment|3943.55|11539251|3135|27|181|181|0|0|0|0|0|0|0|0|08-SEP-15 10.00.00.000000 PM
37|1|411|266626|undo segment|6548.55|17434836|1954|41|181|181|0|0|0|0|0|0|0|0|09-SEP-15 08.00.00.000000 AM
37|1|414|266626|undo segment|4621.23|12045696|12087|38|181|181|1|0|0|0|0|0|0|0|13-SEP-15 10.00.00.000000 PM
37|1|413|266626|undo segment|6920.44|17289105|3108|111|181|181|0|0|0|0|0|0|0|0|10-SEP-15 08.00.00.000000 AM
37|1|416|266626|undo segment|8269.03|19138270|2679|57|181|181|0|0|0|0|0|0|0|0|14-SEP-15 08.00.00.000000 AM
37|1|410|266626|undo segment|4208.74|12144073|2618|52|181|181|0|0|0|0|0|0|0|0|09-SEP-15 10.00.00.000000 PM
37|1|409|266626|undo segment|7258.33|17441133|2429|53|181|181|0|0|0|0|0|0|0|0|08-SEP-15 08.00.00.000000 AM
37|1|412|266626|undo segment|4708.42|11313286|3192|26|181|181|0|0|0|0|0|0|0|0|10-SEP-15 10.00.00.000000 PM
37|1|415|266626|undo segment|4351.66|12032552|2071|26|181|181|0|0|0|0|0|0|0|0|14-SEP-15 10.00.00.000000 PM
37|1|423|266626|undo segment|4143.99|7910449|208807|48|181|181|0|0|0|0|0|0|0|0|18-SEP-15 10.00.00.000000 PM
37|1|424|266626|undo segment|5499.07|15512593|156751|100|181|181|0|0|0|0|0|0|0|0|18-SEP-15 08.00.00.000000 AM
37|1|425|266626|undo segment|4917.06|11846835|3239|66|181|181|0|0|0|0|0|0|0|0|20-SEP-15 10.00.00.000000 PM
37|1|426|266626|undo segment|4582.18|12397587|3956|43|181|181|0|0|0|0|0|0|0|0|21-SEP-15 10.00.00.000000 PM
37|1|427|266626|undo segment|6782.13|16794105|3477|51|181|181|0|0|0|0|0|0|0|0|21-SEP-15 08.00.00.000000 AM
37|1|417|266626|undo segment|3637.33|12095842|2044|31|181|181|0|0|0|0|0|0|0|0|15-SEP-15 10.00.00.000000 PM
37|1|419|266626|undo segment|4163.69|9975377|30534|51|181|181|0|0|0|0|0|0|0|0|16-SEP-15 10.00.00.000000 PM
37|1|420|266626|undo segment|6039.51|16482350|2656|33|181|181|0|0|0|0|0|0|0|0|16-SEP-15 08.00.00.000000 AM
37|1|421|266626|undo segment|5278.67|12259180|119530|63|181|181|0|0|0|0|0|0|0|0|17-SEP-15 10.00.00.000000 PM
37|1|422|266626|undo segment|6333.37|16931753|68967|119|181|181|0|0|0|0|0|0|0|0|17-SEP-15 08.00.00.000000 AM
37|1|418|266626|undo segment|6075.17|16130358|2185|112|181|181|0|0|0|0|0|0|0|0|15-SEP-15 08.00.00.000000 AM
37|1|433|266626|undo segment|6128.33|17604378|1973|63|181|181|0|0|0|0|0|0|0|0|24-SEP-15 08.00.00.000000 AM
37|1|430|266626|undo segment|5561.78|12008407|2351|50|181|181|0|0|0|0|0|0|0|0|23-SEP-15 10.00.00.000000 PM
37|1|431|266626|undo segment|6842.46|18855811|2177|45|181|181|0|0|0|0|0|0|0|0|23-SEP-15 08.00.00.000000 AM
37|1|435|266626|undo segment|6316.68|17767303|3117|34|181|181|0|0|0|0|0|0|0|0|25-SEP-15 08.00.00.000000 AM
37|1|436|266626|undo segment|5099.84|12827550|2726|60|181|181|0|0|0|0|0|0|0|0|27-SEP-15 10.00.00.000000 PM
37|1|432|266626|undo segment|5588.03|12480731|2315|33|181|181|0|0|0|0|0|0|0|0|24-SEP-15 10.00.00.000000 PM
37|1|428|266626|undo segment|5318.88|12684070|2159|35|181|181|0|0|0|0|0|0|0|0|22-SEP-15 10.00.00.000000 PM
37|1|429|266626|undo segment|7305.72|18734591|4250|45|181|181|0|0|0|0|0|0|0|0|22-SEP-15 08.00.00.000000 AM
37|1|437|266626|undo segment|4893.03|12903478|3409|28|181|181|0|0|0|0|0|0|0|0|28-SEP-15 10.00.00.000000 PM
37|1|438|266626|undo segment|8079.62|19340390|2799|40|181|181|0|0|0|0|0|0|0|0|28-SEP-15 08.00.00.000000 AM
37|1|434|266626|undo segment|6356.09|10066175|2250|33|181|181|0|0|0|0|0|0|0|0|25-SEP-15 10.00.00.000000 PM
37|1|444|266626|undo segment|7467.23|18548853|2179|53|181|181|0|0|0|0|0|0|0|0|01-OCT-15 08.00.00.000000 AM
37|1|439|266626|undo segment|6529.69|13746136|10120|41|181|181|0|0|0|0|0|0|0|0|29-SEP-15 10.00.00.000000 PM
37|1|440|266626|undo segment|7136.22|19170763|10919|39|181|181|1|0|0|0|0|0|0|0|29-SEP-15 08.00.00.000000 AM
37|1|441|266626|undo segment|6047.38|13063976|3712|42|181|181|0|0|0|0|0|0|0|0|30-SEP-15 10.00.00.000000 PM
37|1|442|266626|undo segment|8598.28|20388392|1966|37|181|181|0|0|0|0|0|0|0|0|30-SEP-15 08.00.00.000000 AM
37|1|443|266626|undo segment|4654.13|10705654|4576|35|181|181|0|0|0|0|0|0|0|0|01-OCT-15 10.00.00.000000 PM
37|1|447|266626|undo segment|8006.24|19521007|3492|35|181|181|0|0|0|0|0|0|0|0|08-OCT-15 03.00.00.000000 PM
37|1|448|266626|undo segment|6636.01|17821272|1856|29|181|181|0|0|0|0|0|0|0|0|09-OCT-15 03.00.00.000000 PM
37|1|449|266626|undo segment|7463.91|19117403|2664|23|181|181|0|0|0|0|0|0|0|0|12-OCT-15 03.00.00.000000 PM
37|1|446|266626|undo segment|13727.41|19534984|6421|24|181|181|0|0|0|0|0|0|0|0|07-OCT-15 03.00.00.000000 PM
37|1|445|266626|undo segment|9411.97|20030518|2983|37|181|181|0|0|0|0|0|0|0|0|06-OCT-15 03.00.00.000000 PM
37|1|450|266626|undo segment|7407.43|19414413|2587|25|181|181|0|0|0|0|0|0|0|0|13-OCT-15 03.00.00.000000 PM
37|1|452|266626|undo segment|7061.06|19015409|11536|52|181|181|0|0|0|0|0|0|0|0|15-OCT-15 03.00.00.000000 PM
37|1|454|266626|undo segment|9943.47|19594241|9116|29|181|181|0|0|0|0|0|0|0|0|19-OCT-15 03.00.00.000000 PM
37|1|451|266626|undo segment|7397.55|19434864|1992|40|181|181|0|0|0|0|0|0|0|0|14-OCT-15 03.00.00.000000 PM
37|1|453|266626|undo segment|6980.1|18542065|1926|31|181|181|0|0|0|0|0|0|0|0|16-OCT-15 03.00.00.000000 PM
37|1|459|266626|undo segment|7423.52|18981118|2521|22|181|181|0|0|0|0|0|0|0|0|26-OCT-15 03.00.00.000000 PM
37|1|457|266626|undo segment|6689.39|18139749|272155|86|181|181|0|0|0|0|0|0|0|0|22-OCT-15 03.00.00.000000 PM
37|1|455|266626|undo segment|7168|19412476|2213|49|181|181|0|0|0|0|0|0|0|0|20-OCT-15 03.00.00.000000 PM
37|1|458|266626|undo segment|5714.39|16710167|358432|31|181|181|0|0|0|0|0|0|0|0|23-OCT-15 03.00.00.000000 PM
37|1|456|266626|undo segment|7159.09|19125667|184976|25|181|181|0|0|0|0|0|0|0|0|21-OCT-15 03.00.00.000000 PM
37|1|462|266626|undo segment|6848.88|19091388|2789|49|181|181|0|0|0|0|0|0|0|0|29-OCT-15 03.00.00.000000 PM
37|1|460|266626|undo segment|7043.51|19685891|3006|82|181|181|0|0|0|0|0|0|0|0|27-OCT-15 03.00.00.000000 PM
37|1|463|266626|undo segment|6504.75|18686221|1832|24|181|181|0|0|0|0|0|0|0|0|30-OCT-15 03.00.00.000000 PM
37|1|461|266626|undo segment|7220.69|19431593|2601|48|181|181|0|0|0|0|0|0|0|0|28-OCT-15 03.00.00.000000 PM
37|1|464|266626|undo segment|9009.21|20853971|2622|62|181|181|0|0|0|0|0|0|0|0|02-NOV-15 03.00.00.000000 PM
